id,first_name,last_name,email,institution,address,bitcoin_address
1,Nickie,Sneddon,nsneddon0@cnn.com,Voolia,PO Box 60737,1H4PJRbifhRCdGvDM3WZPq4PmE7VSCxdqQ
2,Faunie,Dreschler,fdreschler1@gravatar.com,Skiba,1st Floor,1FK8PsnLMvpJk7j1toYp6sNXfwiyCvd6Db
3,Briney,Greensted,bgreensted2@hp.com,Jabberbean,PO Box 36104,1GCSw7E1xbbide7TVv1MKKcfETzqQTGgs7
4,Pennie,Bebis,pbebis3@fotki.com,Fivebridge,Suite 96,178WSgGEAwU3KSLC6xekWbfCWUFyvaaDt2
5,Caresa,Seares,cseares4@gnu.org,Demizz,Suite 1,145V5LxtTtLNrrpEkqCV93bCnJAjBL1P4j
6,Alayne,Morfett,amorfett5@illinois.edu,Tagopia,PO Box 43738,1NAMMqenVrKPD3tm1jjZdSR7a283ccPco3
7,Minna,Peppard,mpeppard6@meetup.com,Edgeify,Room 1087,19muzeXJn5MKWq3qxvFecscK4DxDM8ZHsp
8,Barbette,Brownbill,bbrownbill7@hp.com,Jaloo,Room 799,1B2ao8xYHVNSc9HE8ToDUByeVXsPVApG3S
9,Tedi,Doogood,tdoogood8@china.com.cn,Vitz,Room 68,18VHQfUPKn3HQhbmpAv5HAzhGaCBwruiJ
10,Clair,Giorgetti,cgiorgetti9@independent.co.uk,Kwideo,Room 1804,1ESnUXeECwjc1KChoju9k7Y3kuJeEZoRWp
11,Caresse,Eicke,ceickea@tripadvisor.com,Skyvu,Suite 53,155MttJ18oku2ZKLayiv7SqDjDK6V9j2xL
12,Franciska,Bourrel,fbourrelb@unblog.fr,Yamia,19th Floor,12eEMkpsyWRZNiWTreQvLSSvUmnbq97jKc
13,Donovan,Rosensaft,drosensaftc@creativecommons.org,Twitterworks,Room 150,1EuK1MW3moQKSS14U4sKjZ4FEZZT5WYipr
14,Marion,Proudlove,mproudloved@home.pl,Plajo,Suite 71,1HdPDGcb7umapuy7eHqMXyRRNXvesFCfbN
15,Jewell,Pinnell,jpinnelle@toplist.cz,Dynabox,Room 1432,1G2bagE1h7SrdbHa7bG8DLBrPncjyNNYMy
16,Maren,Fewell,mfewellf@digg.com,Youspan,Apt 1717,19ey3RV78XGzQLDkEM5fYKvag3Lpe2PUMv
17,Franciskus,Thayre,fthayreg@apple.com,Fanoodle,Apt 1305,1EHfkQV7K2TPrePjbVjnQvr6XRnHBEPivG
18,Johnathan,Chatwood,jchatwoodh@de.vu,Voonyx,Suite 95,1485LoXK3JYjdJnF5XUjaYqgoLHgj8Vt2S
19,Haroun,Burfield,hburfieldi@earthlink.net,Agivu,Apt 595,16QJJwWrCqNgvgPormCUBgrfdqSrJXDGqk
20,Christalle,Grabbam,cgrabbamj@prlog.org,Dabfeed,Apt 688,16QPsKmqYYmmEv3ydXdqkcPdB9ek9mi6zK
